{
    "1109": {
        "longlat_position": [
            116.462636,
            39.911712
        ],
        "xy_position": [
            454071.63020439225,
            4418096.377902943
        ],
        "transmit_power": 30,
        "poi_grid": 9116
    },
    "1129": {
        "longlat_position": [
            116.45661499999999,
            39.920115
        ],
        "xy_position": [
            453562.68978154997,
            4419032.136776985
        ],
        "transmit_power": 30,
        "poi_grid": 23729
    },
    "1159": {
        "longlat_position": [
            116.45901299999998,
            39.918402
        ],
        "xy_position": [
            453766.47030776256,
            4418840.767174967
        ],
        "transmit_power": 30,
        "poi_grid": 20785
    },
    "1253": {
        "longlat_position": [
            116.46389099999999,
            39.921704999999996
        ],
        "xy_position": [
            454185.55470640346,
            4419204.851125603
        ],
        "transmit_power": 30,
        "poi_grid": 26443
    },
    "1356": {
        "longlat_position": [
            116.461432,
            39.912743
        ],
        "xy_position": [
            453969.41422808694,
            4418211.427933003
        ],
        "transmit_power": 30,
        "poi_grid": 10978
    },
    "1357": {
        "longlat_position": [
            116.468341,
            39.911914
        ],
        "xy_position": [
            454559.371161874,
            4418115.879079854
        ],
        "transmit_power": 30,
        "poi_grid": 9477
    },
    "1375": {
        "longlat_position": [
            116.45491799999999,
            39.918759
        ],
        "xy_position": [
            453416.7457169647,
            4418882.518945458
        ],
        "transmit_power": 30,
        "poi_grid": 21374
    },
    "1390": {
        "longlat_position": [
            116.457131,
            39.907771000000004
        ],
        "xy_position": [
            453598.45765603194,
            4417661.814659383
        ],
        "transmit_power": 30,
        "poi_grid": 2361
    },
    "1391": {
        "longlat_position": [
            116.455133,
            39.909772
        ],
        "xy_position": [
            453429.03340634826,
            4417884.944425132
        ],
        "transmit_power": 30,
        "poi_grid": 5776
    },
    "1458": {
        "longlat_position": [
            116.462781,
            39.920640999999996
        ],
        "xy_position": [
            454089.9859796174,
            4419087.328415146
        ],
        "transmit_power": 30,
        "poi_grid": 24718
    },
    "1459": {
        "longlat_position": [
            116.461001,
            39.921401
        ],
        "xy_position": [
            453938.3780158035,
            4419172.597324743
        ],
        "transmit_power": 30,
        "poi_grid": 25951
    },
    "1460": {
        "longlat_position": [
            116.460447,
            39.920262
        ],
        "xy_position": [
            453890.2702133323,
            4419046.466166273
        ],
        "transmit_power": 30,
        "poi_grid": 24074
    },
    "1462": {
        "longlat_position": [
            116.457004,
            39.918579
        ],
        "xy_position": [
            453594.89682527364,
            4418861.4545570165
        ],
        "transmit_power": 30,
        "poi_grid": 21080
    },
    "1463": {
        "longlat_position": [
            116.458104,
            39.920612
        ],
        "xy_position": [
            453690.27418655064,
            4419086.525196896
        ],
        "transmit_power": 30,
        "poi_grid": 24678
    },
    "1540": {
        "longlat_position": [
            116.455258,
            39.912310999999995
        ],
        "xy_position": [
            453441.43653474323,
            4418166.681352235
        ],
        "transmit_power": 30,
        "poi_grid": 10301
    },
    "1580": {
        "longlat_position": [
            116.47040600000001,
            39.920471
        ],
        "xy_position": [
            454741.49965441664,
            4419064.567088878
        ],
        "transmit_power": 30,
        "poi_grid": 24315
    },
    "1581": {
        "longlat_position": [
            116.455913,
            39.916623
        ],
        "xy_position": [
            453500.335214058,
            4418644.926644704
        ],
        "transmit_power": 30,
        "poi_grid": 17639
    },
    "1609": {
        "longlat_position": [
            116.470096,
            39.908944
        ],
        "xy_position": [
            454707.414842272,
            4417785.349121795
        ],
        "transmit_power": 30,
        "poi_grid": 4344
    },
    "1786": {
        "longlat_position": [
            116.46858200000001,
            39.917082
        ],
        "xy_position": [
            454583.3831084675,
            4418689.349848209
        ],
        "transmit_power": 30,
        "poi_grid": 18527
    },
    "1798": {
        "longlat_position": [
            116.463554,
            39.909890999999995
        ],
        "xy_position": [
            454148.87771304353,
            4417893.7944960315
        ],
        "transmit_power": 30,
        "poi_grid": 6004
    },
    "1988": {
        "longlat_position": [
            116.46972199999999,
            39.914722
        ],
        "xy_position": [
            454679.2559275776,
            4418426.835491153
        ],
        "transmit_power": 30,
        "poi_grid": 14481
    },
    "2004": {
        "longlat_position": [
            116.466831,
            39.909542
        ],
        "xy_position": [
            454428.73970258096,
            4417853.38179215
        ],
        "transmit_power": 30,
        "poi_grid": 5408
    },
    "2120": {
        "longlat_position": [
            116.46158100000001,
            39.914565
        ],
        "xy_position": [
            453983.36844396876,
            4418413.573891062
        ],
        "transmit_power": 30,
        "poi_grid": 14099
    },
    "2166": {
        "longlat_position": [
            116.45944399999999,
            39.916666
        ],
        "xy_position": [
            453802.1378866513,
            4418647.866279787
        ],
        "transmit_power": 30,
        "poi_grid": 17825
    },
    "2167": {
        "longlat_position": [
            116.458914,
            39.912338
        ],
        "xy_position": [
            453753.9310887561,
            4418167.77824485
        ],
        "transmit_power": 30,
        "poi_grid": 10332
    },
    "2168": {
        "longlat_position": [
            116.460007,
            39.914353999999996
        ],
        "xy_position": [
            453848.7022934516,
            4418390.967461432
        ],
        "transmit_power": 30,
        "poi_grid": 13774
    },
    "2169": {
        "longlat_position": [
            116.45607700000001,
            39.914925
        ],
        "xy_position": [
            453513.2032997202,
            4418456.381085609
        ],
        "transmit_power": 30,
        "poi_grid": 14676
    },
    "2171": {
        "longlat_position": [
            116.469629,
            39.911928
        ],
        "xy_position": [
            454669.46567008283,
            4418116.7783002965
        ],
        "transmit_power": 30,
        "poi_grid": 9644
    },
    "2212": {
        "longlat_position": [
            116.47156899999999,
            39.907340999999995
        ],
        "xy_position": [
            454832.2647317957,
            4417606.687234653
        ],
        "transmit_power": 30,
        "poi_grid": 1704
    },
    "2218": {
        "longlat_position": [
            116.46388799999998,
            39.911666
        ],
        "xy_position": [
            454178.6082465239,
            4418090.629199413
        ],
        "transmit_power": 30,
        "poi_grid": 9127
    },
    "2236": {
        "longlat_position": [
            116.460128,
            39.912002
        ],
        "xy_position": [
            453857.46551880625,
            4418129.857782383
        ],
        "transmit_power": 30,
        "poi_grid": 9719
    },
    "2366": {
        "longlat_position": [
            116.463327,
            39.907039000000005
        ],
        "xy_position": [
            454127.5732029857,
            4417577.369495341
        ],
        "transmit_power": 30,
        "poi_grid": 1166
    },
    "2416": {
        "longlat_position": [
            116.46913700000002,
            39.910959000000005
        ],
        "xy_position": [
            454626.7751124223,
            4418009.479473377
        ],
        "transmit_power": 30,
        "poi_grid": 7923
    },
    "2441": {
        "longlat_position": [
            116.47227099999999,
            39.921606
        ],
        "xy_position": [
            454901.62585316715,
            4419189.59647788
        ],
        "transmit_power": 30,
        "poi_grid": 26359
    },
    "2450": {
        "longlat_position": [
            116.457811,
            39.914004
        ],
        "xy_position": [
            453660.7810412451,
            4418353.258473406
        ],
        "transmit_power": 30,
        "poi_grid": 13131
    },
    "2454": {
        "longlat_position": [
            116.456627,
            39.921561
        ],
        "xy_position": [
            453564.69206469087,
            4419192.621483126
        ],
        "transmit_power": 30,
        "poi_grid": 26225
    },
    "2477": {
        "longlat_position": [
            116.46453400000001,
            39.914511
        ],
        "xy_position": [
            454235.7155403501,
            4418406.062807377
        ],
        "transmit_power": 30,
        "poi_grid": 13968
    },
    "2480": {
        "longlat_position": [
            116.46978500000002,
            39.912890999999995
        ],
        "xy_position": [
            454683.433613219,
            4418223.581900354
        ],
        "transmit_power": 30,
        "poi_grid": 11205
    },
    "3720": {
        "longlat_position": [
            116.4599,
            39.9095
        ],
        "xy_position": [
            453836.2988416654,
            4417852.280174366
        ],
        "transmit_power": 30,
        "poi_grid": 5348
    }
}